{"train_loss": 1.1429598331451416, "epoch": 9, "trainer/global_step": 4649, "_timestamp": 1688711284.605318, "_runtime": 132.7458369731903, "_step": 93, "_wandb": {"runtime": 133}}