{"train_loss": 1.2521361112594604, "epoch": 9, "trainer/global_step": 9349, "_timestamp": 1688693491.8318126, "_runtime": 169.68573451042175, "_step": 187, "_wandb": {"runtime": 169}}