{"train_loss": 2.119187831878662, "epoch": 9, "trainer/global_step": 9349, "_timestamp": 1688697177.6807017, "_runtime": 172.98608875274658, "_step": 187, "_wandb": {"runtime": 172}}