{"train_loss": 1.0850093364715576, "epoch": 9, "trainer/global_step": 4649, "_timestamp": 1688721205.6922064, "_runtime": 131.29485249519348, "_step": 93, "_wandb": {"runtime": 131}}