{"train_loss": 1.2133864164352417, "epoch": 9, "trainer/global_step": 9349, "_timestamp": 1688708762.9193892, "_runtime": 185.44851326942444, "_step": 187, "_wandb": {"runtime": 185}}