{"train_loss": 28.339284896850586, "epoch": 9, "trainer/global_step": 9349, "_timestamp": 1688703485.8472023, "_runtime": 176.0110583305359, "_step": 187, "_wandb": {"runtime": 175}}