{"train_loss": 6.211648811365983e+28, "epoch": 9, "trainer/global_step": 9349, "_timestamp": 1688708175.3637269, "_runtime": 174.53543782234192, "_step": 187, "_wandb": {"runtime": 174}}