{"train_loss": 3.2564158323960595e+27, "epoch": 9, "trainer/global_step": 18749, "_timestamp": 1688677338.5182898, "_runtime": 282.7228298187256, "_step": 375, "_wandb": {"runtime": 281}}