{"train_loss": 1.192594289779663, "epoch": 9, "trainer/global_step": 4649, "_timestamp": 1688714104.2912757, "_runtime": 121.55063581466675, "_step": 93, "_wandb": {"runtime": 121}}