{"train_loss": NaN, "epoch": 9, "trainer/global_step": 9349, "_timestamp": 1688688844.130302, "_runtime": 187.87479496002197, "_step": 187, "_wandb": {"runtime": 187}}