{"train_loss": 1.1028496026992798, "epoch": 9, "trainer/global_step": 9349, "_timestamp": 1688686592.250501, "_runtime": 194.68032002449036, "_step": 187, "_wandb": {"runtime": 194}}