{"train_loss": NaN, "epoch": 9, "trainer/global_step": 9349, "_timestamp": 1688698797.540612, "_runtime": 187.95513796806335, "_step": 187, "_wandb": {"runtime": 187}}