{"train_loss": 1.2054063081741333, "epoch": 9, "trainer/global_step": 4649, "_timestamp": 1688714905.1549127, "_runtime": 122.40515279769897, "_step": 93, "_wandb": {"runtime": 122}}