{"train_loss": 1.2348958253860474, "epoch": 9, "trainer/global_step": 18749, "_timestamp": 1688679401.5740614, "_runtime": 285.20012736320496, "_step": 375, "_wandb": {"runtime": 284}}