{"train_loss": 1.1253750324249268, "epoch": 9, "trainer/global_step": 4649, "_timestamp": 1688713704.5399723, "_runtime": 123.83926033973694, "_step": 93, "_wandb": {"runtime": 123}}