{"train_loss": 2.3663083662606336e+16, "epoch": 9, "trainer/global_step": 9349, "_timestamp": 1688688443.2541547, "_runtime": 190.64691877365112, "_step": 187, "_wandb": {"runtime": 190}}