{"train_loss": 1.1553897857666016, "epoch": 9, "trainer/global_step": 9349, "_timestamp": 1688695884.734626, "_runtime": 176.1857249736786, "_step": 187, "_wandb": {"runtime": 176}}