{"train_loss": 1.359998345375061, "epoch": 9, "trainer/global_step": 9349, "_timestamp": 1688695147.3582726, "_runtime": 176.90888357162476, "_step": 187, "_wandb": {"runtime": 176}}