{"train_loss": 2.1480153649512448e+17, "epoch": 9, "trainer/global_step": 4649, "_timestamp": 1688715177.4162984, "_runtime": 124.16422438621521, "_step": 93, "_wandb": {"runtime": 124}}