{"train_loss": 35.199249267578125, "epoch": 9, "trainer/global_step": 4649, "_timestamp": 1688719633.9840765, "_runtime": 133.13881754875183, "_step": 93, "_wandb": {"runtime": 133}}