{"train_loss": 1227.4053955078125, "epoch": 9, "trainer/global_step": 4649, "_timestamp": 1688709249.2939556, "_runtime": 138.18674755096436, "_step": 93, "_wandb": {"runtime": 138}}