{"train_loss": 1.1170752048492432, "epoch": 9, "trainer/global_step": 18749, "_timestamp": 1688649638.7142882, "_runtime": 326.09198927879333, "_step": 375, "_wandb": {"runtime": 325}}