{"train_loss": 1.1707763671875, "epoch": 9, "trainer/global_step": 4649, "_timestamp": 1688711430.188885, "_runtime": 133.1485390663147, "_step": 93, "_wandb": {"runtime": 133}}