{"train_loss": 1.1589590311050415, "epoch": 9, "trainer/global_step": 4649, "_timestamp": 1688716932.4351103, "_runtime": 126.53448724746704, "_step": 93, "_wandb": {"runtime": 126}}