{"train_loss": 1.16167414188385, "epoch": 9, "trainer/global_step": 4649, "_timestamp": 1688713838.5425844, "_runtime": 123.37476944923401, "_step": 93, "_wandb": {"runtime": 123}}