{"train_loss": 11842.15625, "epoch": 9, "trainer/global_step": 18749, "_timestamp": 1688679105.717605, "_runtime": 282.70965218544006, "_step": 375, "_wandb": {"runtime": 281}}