{"train_loss": 376014143488.0, "epoch": 9, "trainer/global_step": 18749, "_timestamp": 1688681460.391911, "_runtime": 281.6675159931183, "_step": 375, "_wandb": {"runtime": 280}}