{"train_loss": 1.1338118314743042, "epoch": 9, "trainer/global_step": 9349, "_timestamp": 1688694408.758991, "_runtime": 175.25830793380737, "_step": 187, "_wandb": {"runtime": 175}}