{"train_loss": 1.594477653503418, "epoch": 9, "trainer/global_step": 18749, "_timestamp": 1688656262.9932437, "_runtime": 327.9310257434845, "_step": 375, "_wandb": {"runtime": 327}}