{"train_loss": 1.2425111532211304, "epoch": 9, "trainer/global_step": 18749, "_timestamp": 1688673737.5645807, "_runtime": 325.46065163612366, "_step": 375, "_wandb": {"runtime": 324}}