{"train_loss": NaN, "epoch": 9, "trainer/global_step": 4649, "_timestamp": 1688711866.899256, "_runtime": 132.94392609596252, "_step": 93, "_wandb": {"runtime": 133}}