{"train_loss": 1.164290428161621, "epoch": 9, "trainer/global_step": 9349, "_timestamp": 1688695514.0459769, "_runtime": 174.43130588531494, "_step": 187, "_wandb": {"runtime": 174}}