{"train_loss": 1.0822937488555908, "epoch": 9, "trainer/global_step": 9349, "_timestamp": 1688689044.2615342, "_runtime": 191.0587522983551, "_step": 187, "_wandb": {"runtime": 190}}