{"train_loss": 1.2182785272598267, "epoch": 9, "trainer/global_step": 4649, "_timestamp": 1688718203.7243845, "_runtime": 130.61356449127197, "_step": 93, "_wandb": {"runtime": 131}}