{"train_loss": NaN, "epoch": 9, "trainer/global_step": 9349, "_timestamp": 1688702486.4101503, "_runtime": 192.10376119613647, "_step": 187, "_wandb": {"runtime": 191}}