{"train_loss": 1405.7052001953125, "epoch": 9, "trainer/global_step": 18749, "_timestamp": 1688684990.7143016, "_runtime": 282.29830169677734, "_step": 375, "_wandb": {"runtime": 281}}