{"train_loss": 1.334134578704834, "epoch": 9, "trainer/global_step": 18749, "_timestamp": 1688666490.371847, "_runtime": 289.29184579849243, "_step": 375, "_wandb": {"runtime": 288}}