{"train_loss": NaN, "epoch": 9, "trainer/global_step": 9349, "_timestamp": 1688690042.7802303, "_runtime": 188.9063913822174, "_step": 187, "_wandb": {"runtime": 188}}