{"train_loss": 1.1306982040405273, "epoch": 9, "trainer/global_step": 18749, "_timestamp": 1688668438.997271, "_runtime": 322.6575679779053, "_step": 375, "_wandb": {"runtime": 321}}