{"train_loss": 1.215854287147522, "epoch": 9, "trainer/global_step": 9349, "_timestamp": 1688708378.3063793, "_runtime": 184.24126625061035, "_step": 187, "_wandb": {"runtime": 183}}