{"train_loss": 1.291264533996582, "epoch": 9, "trainer/global_step": 18749, "_timestamp": 1688683227.2572186, "_runtime": 279.29668068885803, "_step": 375, "_wandb": {"runtime": 278}}