{"train_loss": 2.4993109703063965, "epoch": 9, "trainer/global_step": 4649, "_timestamp": 1688713301.9698524, "_runtime": 131.35787653923035, "_step": 93, "_wandb": {"runtime": 131}}