{"train_loss": 1.236116647720337, "epoch": 9, "trainer/global_step": 9349, "_timestamp": 1688696628.2680879, "_runtime": 173.35413789749146, "_step": 187, "_wandb": {"runtime": 173}}