{"train_loss": 1.1525075435638428, "epoch": 9, "trainer/global_step": 9349, "_timestamp": 1688693675.36395, "_runtime": 171.90974402427673, "_step": 187, "_wandb": {"runtime": 171}}