{"train_loss": 6287983616.0, "epoch": 9, "trainer/global_step": 18749, "_timestamp": 1688676067.813625, "_runtime": 316.2087650299072, "_step": 375, "_wandb": {"runtime": 315}}