{"train_loss": 1.157957911491394, "epoch": 9, "trainer/global_step": 4649, "_timestamp": 1688725561.834662, "_runtime": 122.78596305847168, "_step": 93, "_wandb": {"runtime": 122}}