{"train_loss": 1.7460228204727173, "epoch": 9, "trainer/global_step": 9349, "_timestamp": 1688696070.1738422, "_runtime": 175.49823117256165, "_step": 187, "_wandb": {"runtime": 175}}