{"train_loss": 1.1649951934814453, "epoch": 9, "trainer/global_step": 9349, "_timestamp": 1688686387.411516, "_runtime": 187.70820093154907, "_step": 187, "_wandb": {"runtime": 187}}