{"train_loss": 1.259247064590454, "epoch": 9, "trainer/global_step": 4649, "_timestamp": 1688721633.656317, "_runtime": 132.48453998565674, "_step": 93, "_wandb": {"runtime": 133}}