{"train_loss": 1.5299248695373535, "epoch": 9, "trainer/global_step": 18749, "_timestamp": 1688682351.5957315, "_runtime": 289.6870594024658, "_step": 375, "_wandb": {"runtime": 288}}