{"train_loss": 1.122130274772644, "epoch": 9, "trainer/global_step": 4649, "_timestamp": 1688712867.3172963, "_runtime": 133.58629536628723, "_step": 93, "_wandb": {"runtime": 134}}