{"train_loss": NaN, "epoch": 9, "trainer/global_step": 4649, "_timestamp": 1688721061.9999976, "_runtime": 127.74525451660156, "_step": 93, "_wandb": {"runtime": 128}}