{"train_loss": 677.5433349609375, "epoch": 9, "trainer/global_step": 9349, "_timestamp": 1688692028.2335272, "_runtime": 169.6809492111206, "_step": 187, "_wandb": {"runtime": 169}}