{"train_loss": NaN, "epoch": 9, "trainer/global_step": 4649, "_timestamp": 1688718488.134611, "_runtime": 129.2238199710846, "_step": 93, "_wandb": {"runtime": 129}}