{"train_loss": 2.2246673107147217, "epoch": 9, "trainer/global_step": 18749, "_timestamp": 1688655926.8601832, "_runtime": 318.66498827934265, "_step": 375, "_wandb": {"runtime": 317}}