{"train_loss": NaN, "epoch": 9, "trainer/global_step": 9349, "_timestamp": 1688702891.4079573, "_runtime": 188.06184029579163, "_step": 187, "_wandb": {"runtime": 187}}