{"train_loss": 1.1461554765701294, "epoch": 9, "trainer/global_step": 4649, "_timestamp": 1688712305.4471924, "_runtime": 130.74893832206726, "_step": 93, "_wandb": {"runtime": 130}}