{"train_loss": NaN, "epoch": 9, "trainer/global_step": 4649, "_timestamp": 1688720494.3736603, "_runtime": 130.98201823234558, "_step": 93, "_wandb": {"runtime": 131}}