{"train_loss": 1.1899256706237793, "epoch": 9, "trainer/global_step": 4649, "_timestamp": 1688719059.8471975, "_runtime": 128.97436451911926, "_step": 93, "_wandb": {"runtime": 129}}