{"train_loss": 89.28117370605469, "epoch": 9, "trainer/global_step": 18749, "_timestamp": 1688653942.208787, "_runtime": 316.7425329685211, "_step": 375, "_wandb": {"runtime": 316}}