{"train_loss": 1.236351490020752, "epoch": 9, "trainer/global_step": 9349, "_timestamp": 1688706651.4809535, "_runtime": 177.30594944953918, "_step": 187, "_wandb": {"runtime": 177}}