{"train_loss": 1.2002748250961304, "epoch": 9, "trainer/global_step": 18749, "_timestamp": 1688672746.2436523, "_runtime": 316.83643436431885, "_step": 375, "_wandb": {"runtime": 316}}