{"train_loss": 1.5789754390716553, "epoch": 9, "trainer/global_step": 9349, "_timestamp": 1688696258.9588895, "_runtime": 177.50457549095154, "_step": 187, "_wandb": {"runtime": 177}}