{"train_loss": 3687158.75, "epoch": 9, "trainer/global_step": 18749, "_timestamp": 1688667112.576626, "_runtime": 322.2990629673004, "_step": 375, "_wandb": {"runtime": 321}}