{"train_loss": 215.623291015625, "epoch": 9, "trainer/global_step": 9349, "_timestamp": 1688691252.0672398, "_runtime": 186.39316868782043, "_step": 187, "_wandb": {"runtime": 186}}