{"train_loss": 1.0208195447921753, "epoch": 9, "trainer/global_step": 4649, "_timestamp": 1688966868.322894, "_runtime": 116.2622811794281, "_step": 93, "_wandb": {"runtime": 116}}