{"train_loss": 1.274319052696228, "epoch": 9, "trainer/global_step": 18749, "_timestamp": 1688674727.683894, "_runtime": 317.08874583244324, "_step": 375, "_wandb": {"runtime": 316}}