{"train_loss": 1.221753716468811, "epoch": 9, "trainer/global_step": 18749, "_timestamp": 1688683522.3274608, "_runtime": 285.9865868091583, "_step": 375, "_wandb": {"runtime": 285}}