{"train_loss": 1.004297137260437, "epoch": 9, "trainer/global_step": 9349, "_timestamp": 1688966482.4675639, "_runtime": 176.35591387748718, "_step": 187, "_wandb": {"runtime": 176}}