{"train_loss": 1.2631556987762451, "epoch": 9, "trainer/global_step": 18749, "_timestamp": 1688650302.0885499, "_runtime": 322.4346327781677, "_step": 375, "_wandb": {"runtime": 321}}