{"train_loss": 1.053765058517456, "epoch": 9, "trainer/global_step": 9349, "_timestamp": 1688697787.3677597, "_runtime": 194.80210661888123, "_step": 187, "_wandb": {"runtime": 194}}