{"train_loss": NaN, "epoch": 9, "trainer/global_step": 9349, "_timestamp": 1688685979.5969863, "_runtime": 187.0273563861847, "_step": 187, "_wandb": {"runtime": 186}}