{"train_loss": 34.68704605102539, "epoch": 9, "trainer/global_step": 4649, "_timestamp": 1688715847.021843, "_runtime": 121.484139919281, "_step": 93, "_wandb": {"runtime": 121}}