{"train_loss": 1.2164453268051147, "epoch": 9, "trainer/global_step": 18749, "_timestamp": 1688654940.2734013, "_runtime": 321.951265335083, "_step": 375, "_wandb": {"runtime": 321}}