{"train_loss": 63.37997055053711, "epoch": 9, "trainer/global_step": 18749, "_timestamp": 1688648309.1926382, "_runtime": 328.0440092086792, "_step": 375, "_wandb": {"runtime": 327}}