{"train_loss": 1.1885168552398682, "epoch": 9, "trainer/global_step": 18749, "_timestamp": 1688651959.6288757, "_runtime": 316.9281396865845, "_step": 375, "_wandb": {"runtime": 316}}