{"train_loss": 1.1398926973342896, "epoch": 9, "trainer/global_step": 4649, "_timestamp": 1688710425.9424949, "_runtime": 131.09518885612488, "_step": 93, "_wandb": {"runtime": 131}}