{"train_loss": 1.205222725868225, "epoch": 9, "trainer/global_step": 18749, "_timestamp": 1688659401.401852, "_runtime": 289.1697528362274, "_step": 375, "_wandb": {"runtime": 288}}