{"train_loss": 1.1718549728393555, "epoch": 9, "trainer/global_step": 9349, "_timestamp": 1688701052.7695446, "_runtime": 197.67143750190735, "_step": 187, "_wandb": {"runtime": 197}}