{"train_loss": 1.3500343561172485, "epoch": 9, "trainer/global_step": 4649, "_timestamp": 1688710860.1124752, "_runtime": 134.79073405265808, "_step": 93, "_wandb": {"runtime": 135}}