{"train_loss": 28.189558029174805, "epoch": 9, "trainer/global_step": 4649, "_timestamp": 1688709994.883577, "_runtime": 134.37592315673828, "_step": 93, "_wandb": {"runtime": 134}}