{"train_loss": 1.401255488395691, "epoch": 9, "trainer/global_step": 18749, "_timestamp": 1688676731.694739, "_runtime": 315.21619415283203, "_step": 375, "_wandb": {"runtime": 314}}