{"train_loss": 1.245462417602539, "epoch": 9, "trainer/global_step": 4649, "_timestamp": 1688717344.8226678, "_runtime": 124.009361743927, "_step": 93, "_wandb": {"runtime": 123}}