{"train_loss": 1.1049740314483643, "epoch": 9, "trainer/global_step": 4649, "_timestamp": 1688722040.019834, "_runtime": 124.08866715431213, "_step": 93, "_wandb": {"runtime": 124}}