{"train_loss": 1.2022417783737183, "epoch": 9, "trainer/global_step": 4649, "_timestamp": 1688709848.6357627, "_runtime": 132.99329566955566, "_step": 93, "_wandb": {"runtime": 133}}