{"train_loss": NaN, "epoch": 9, "trainer/global_step": 18749, "_timestamp": 1688654609.4615042, "_runtime": 318.03098225593567, "_step": 375, "_wandb": {"runtime": 317}}