{"train_loss": 1.1987489461898804, "epoch": 9, "trainer/global_step": 18749, "_timestamp": 1688680283.1644998, "_runtime": 283.76110768318176, "_step": 375, "_wandb": {"runtime": 283}}