{"train_loss": 200.17588806152344, "epoch": 9, "trainer/global_step": 4649, "_timestamp": 1688722714.3306637, "_runtime": 121.90331363677979, "_step": 93, "_wandb": {"runtime": 122}}