{"train_loss": 1.1740490198135376, "epoch": 9, "trainer/global_step": 4649, "_timestamp": 1688712155.4574163, "_runtime": 131.92787837982178, "_step": 93, "_wandb": {"runtime": 132}}