{"train_loss": 1.4454342126846313, "epoch": 9, "trainer/global_step": 4649, "_timestamp": 1688715448.8599102, "_runtime": 123.67662620544434, "_step": 93, "_wandb": {"runtime": 123}}