{"train_loss": 1.176499605178833, "epoch": 9, "trainer/global_step": 9349, "_timestamp": 1688707609.3806772, "_runtime": 183.70625615119934, "_step": 187, "_wandb": {"runtime": 183}}