{"train_loss": NaN, "epoch": 9, "trainer/global_step": 4649, "_timestamp": 1688709551.34284, "_runtime": 139.49936985969543, "_step": 93, "_wandb": {"runtime": 140}}