{"train_loss": 1.0580711364746094, "epoch": 9, "trainer/global_step": 4649, "_timestamp": 1688720351.315697, "_runtime": 133.2225329875946, "_step": 93, "_wandb": {"runtime": 133}}