{"train_loss": 1.2136743068695068, "epoch": 9, "trainer/global_step": 18749, "_timestamp": 1688661176.6629019, "_runtime": 286.7581539154053, "_step": 375, "_wandb": {"runtime": 285}}