{"train_loss": 1.5482276678085327, "epoch": 9, "trainer/global_step": 4649, "_timestamp": 1688715715.273719, "_runtime": 119.03094601631165, "_step": 93, "_wandb": {"runtime": 119}}