{"train_loss": 230.012939453125, "epoch": 9, "trainer/global_step": 4649, "_timestamp": 1688725426.8380344, "_runtime": 122.34079241752625, "_step": 93, "_wandb": {"runtime": 122}}