{"train_loss": 1.0222513675689697, "epoch": 9, "trainer/global_step": 4649, "_timestamp": 1688966610.258696, "_runtime": 117.7467770576477, "_step": 93, "_wandb": {"runtime": 118}}