{"train_loss": 1.140110969543457, "epoch": 9, "trainer/global_step": 4649, "_timestamp": 1688725293.0264544, "_runtime": 123.97354435920715, "_step": 93, "_wandb": {"runtime": 124}}