{"train_loss": 1.1550664901733398, "epoch": 9, "trainer/global_step": 18749, "_timestamp": 1688649301.3048253, "_runtime": 317.7354643344879, "_step": 375, "_wandb": {"runtime": 316}}