{"train_loss": 1.1351460218429565, "epoch": 9, "trainer/global_step": 9349, "_timestamp": 1688702691.4642086, "_runtime": 195.8622715473175, "_step": 187, "_wandb": {"runtime": 195}}