{"train_loss": 32.260948181152344, "epoch": 9, "trainer/global_step": 4649, "_timestamp": 1688717486.155236, "_runtime": 129.82104110717773, "_step": 93, "_wandb": {"runtime": 129}}