{"train_loss": 1.1855106353759766, "epoch": 9, "trainer/global_step": 4649, "_timestamp": 1688722442.4486341, "_runtime": 120.33113503456116, "_step": 93, "_wandb": {"runtime": 120}}