{"train_loss": 1.1670582294464111, "epoch": 9, "trainer/global_step": 4649, "_timestamp": 1688712584.2038016, "_runtime": 129.35823369026184, "_step": 93, "_wandb": {"runtime": 129}}