{"train_loss": 1.4018524885177612, "epoch": 9, "trainer/global_step": 4649, "_timestamp": 1688719348.2500196, "_runtime": 128.49449157714844, "_step": 93, "_wandb": {"runtime": 128}}