{"train_loss": 1.4992274045944214, "epoch": 9, "trainer/global_step": 18749, "_timestamp": 1688651297.927445, "_runtime": 327.8197660446167, "_step": 375, "_wandb": {"runtime": 318}}