{"train_loss": 45.78031921386719, "epoch": 9, "trainer/global_step": 9349, "_timestamp": 1688692942.653007, "_runtime": 175.34531497955322, "_step": 187, "_wandb": {"runtime": 175}}