{"train_loss": 0.9735885262489319, "epoch": 99, "trainer/global_step": 46899, "_timestamp": 1688971554.8320527, "_runtime": 1163.1664357185364, "_step": 938, "_wandb": {"runtime": 1162}}