{"train_loss": 1.1229169368743896, "epoch": 9, "trainer/global_step": 9349, "_timestamp": 1688701465.6038413, "_runtime": 195.5081753730774, "_step": 187, "_wandb": {"runtime": 195}}