{"train_loss": 1.2094061374664307, "epoch": 9, "trainer/global_step": 9349, "_timestamp": 1688693854.6425984, "_runtime": 170.96779036521912, "_step": 187, "_wandb": {"runtime": 170}}