{"train_loss": NaN, "epoch": 9, "trainer/global_step": 18749, "_timestamp": 1688671415.8180616, "_runtime": 316.72298765182495, "_step": 375, "_wandb": {"runtime": 315}}