{"train_loss": 1.127680778503418, "epoch": 9, "trainer/global_step": 4649, "_timestamp": 1688715586.3341334, "_runtime": 125.71655249595642, "_step": 93, "_wandb": {"runtime": 125}}