{"train_loss": 1.59761381149292, "epoch": 9, "trainer/global_step": 4649, "_timestamp": 1688724211.2618544, "_runtime": 122.90211129188538, "_step": 93, "_wandb": {"runtime": 123}}