{"train_loss": 1.3461198806762695, "epoch": 9, "trainer/global_step": 18749, "_timestamp": 1688675733.5487328, "_runtime": 327.4352967739105, "_step": 375, "_wandb": {"runtime": 326}}