{"train_loss": 0.9916059374809265, "epoch": 9, "trainer/global_step": 4649, "_timestamp": 1688966993.9234204, "_runtime": 115.97815036773682, "_step": 93, "_wandb": {"runtime": 116}}