{"train_loss": 1.1088082790374756, "epoch": 9, "trainer/global_step": 18749, "_timestamp": 1688671749.5356922, "_runtime": 323.4537823200226, "_step": 375, "_wandb": {"runtime": 322}}