{"train_loss": 124763725824.0, "epoch": 9, "trainer/global_step": 4649, "_timestamp": 1688721905.4969056, "_runtime": 124.83723545074463, "_step": 93, "_wandb": {"runtime": 125}}