{"train_loss": 1.1874946355819702, "epoch": 9, "trainer/global_step": 18749, "_timestamp": 1688681168.233182, "_runtime": 286.8638598918915, "_step": 375, "_wandb": {"runtime": 286}}