{"train_loss": 1.2976937294006348, "epoch": 9, "trainer/global_step": 18749, "_timestamp": 1688682939.2184968, "_runtime": 285.739453792572, "_step": 375, "_wandb": {"runtime": 284}}