{"train_loss": 1.1890753507614136, "epoch": 9, "trainer/global_step": 9349, "_timestamp": 1688691048.2890084, "_runtime": 189.83964943885803, "_step": 187, "_wandb": {"runtime": 189}}