{"train_loss": 1.1784082651138306, "epoch": 9, "trainer/global_step": 4649, "_timestamp": 1688717209.3979597, "_runtime": 123.83562469482422, "_step": 93, "_wandb": {"runtime": 124}}