{"train_loss": 1.1268367767333984, "epoch": 9, "trainer/global_step": 4649, "_timestamp": 1688710568.3364418, "_runtime": 133.29606771469116, "_step": 93, "_wandb": {"runtime": 133}}