{"train_loss": 1.0573049783706665, "epoch": 9, "trainer/global_step": 9349, "_timestamp": 1688966110.1848443, "_runtime": 177.55606722831726, "_step": 187, "_wandb": {"runtime": 177}}