{"train_loss": 1.0719093084335327, "epoch": 9, "trainer/global_step": 9349, "_timestamp": 1688699410.4321034, "_runtime": 195.52902340888977, "_step": 187, "_wandb": {"runtime": 195}}