{"train_loss": 1.190880537033081, "epoch": 9, "trainer/global_step": 18749, "_timestamp": 1688678513.731287, "_runtime": 282.5541260242462, "_step": 375, "_wandb": {"runtime": 281}}