{"train_loss": 1.4551557302474976, "epoch": 9, "trainer/global_step": 18749, "_timestamp": 1688659988.9255521, "_runtime": 284.5866332054138, "_step": 375, "_wandb": {"runtime": 283}}