{"train_loss": 1.1103860139846802, "epoch": 9, "trainer/global_step": 4649, "_timestamp": 1688714772.1686933, "_runtime": 124.97171020507812, "_step": 93, "_wandb": {"runtime": 125}}