{"train_loss": 92.80007934570312, "epoch": 9, "trainer/global_step": 4649, "_timestamp": 1688720924.4724183, "_runtime": 130.06746530532837, "_step": 93, "_wandb": {"runtime": 130}}