{"train_loss": NaN, "epoch": 9, "trainer/global_step": 9349, "_timestamp": 1688697583.0806127, "_runtime": 192.7962727546692, "_step": 187, "_wandb": {"runtime": 192}}