{"train_loss": 1.134062647819519, "epoch": 9, "trainer/global_step": 4649, "_timestamp": 1688723942.262233, "_runtime": 124.60116696357727, "_step": 93, "_wandb": {"runtime": 124}}