{"train_loss": 2738039.0, "epoch": 9, "trainer/global_step": 4649, "_timestamp": 1688712444.2906668, "_runtime": 128.7130208015442, "_step": 93, "_wandb": {"runtime": 128}}