{"train_loss": 674986624.0, "epoch": 9, "trainer/global_step": 18749, "_timestamp": 1688660286.0372438, "_runtime": 280.227933883667, "_step": 375, "_wandb": {"runtime": 279}}