{"train_loss": 44373454848.0, "epoch": 9, "trainer/global_step": 4649, "_timestamp": 1688716794.9650269, "_runtime": 123.71956276893616, "_step": 93, "_wandb": {"runtime": 123}}