{"train_loss": 1.3110926151275635, "epoch": 9, "trainer/global_step": 9349, "_timestamp": 1688708955.9919152, "_runtime": 181.73176431655884, "_step": 187, "_wandb": {"runtime": 181}}