{"train_loss": NaN, "epoch": 9, "trainer/global_step": 18749, "_timestamp": 1688675388.0041425, "_runtime": 317.4340386390686, "_step": 375, "_wandb": {"runtime": 316}}