{"train_loss": 1.0968148708343506, "epoch": 9, "trainer/global_step": 4649, "_timestamp": 1688715312.7720134, "_runtime": 125.12136149406433, "_step": 93, "_wandb": {"runtime": 125}}