{"train_loss": 1.2015634775161743, "epoch": 9, "trainer/global_step": 9349, "_timestamp": 1688696995.7633445, "_runtime": 173.28450059890747, "_step": 187, "_wandb": {"runtime": 172}}