{"train_loss": 1.1853128671646118, "epoch": 9, "trainer/global_step": 9349, "_timestamp": 1688692574.1762254, "_runtime": 171.52566146850586, "_step": 187, "_wandb": {"runtime": 171}}