{"train_loss": 35.45038604736328, "epoch": 9, "trainer/global_step": 18749, "_timestamp": 1688663236.0995157, "_runtime": 283.0831837654114, "_step": 375, "_wandb": {"runtime": 282}}