{"train_loss": 1.1491913795471191, "epoch": 9, "trainer/global_step": 4649, "_timestamp": 1688722175.8503573, "_runtime": 124.46809720993042, "_step": 93, "_wandb": {"runtime": 124}}