{"train_loss": 1.628537654876709, "epoch": 9, "trainer/global_step": 18749, "_timestamp": 1688661467.1555676, "_runtime": 281.91368556022644, "_step": 375, "_wandb": {"runtime": 280}}