{"train_loss": 1.2821097373962402, "epoch": 9, "trainer/global_step": 9349, "_timestamp": 1688703291.007925, "_runtime": 188.51973915100098, "_step": 187, "_wandb": {"runtime": 188}}