{"train_loss": 1.1201858520507812, "epoch": 9, "trainer/global_step": 4649, "_timestamp": 1688724481.4504125, "_runtime": 123.25695848464966, "_step": 93, "_wandb": {"runtime": 123}}