{"train_loss": 40.382869720458984, "epoch": 9, "trainer/global_step": 9349, "_timestamp": 1688685782.1222274, "_runtime": 191.81095433235168, "_step": 187, "_wandb": {"runtime": 191}}