{"train_loss": NaN, "epoch": 9, "trainer/global_step": 18749, "_timestamp": 1688673404.2787318, "_runtime": 314.52554392814636, "_step": 375, "_wandb": {"runtime": 313}}