{"train_loss": 6819650560.0, "epoch": 9, "trainer/global_step": 9349, "_timestamp": 1688695331.4510646, "_runtime": 174.09349656105042, "_step": 187, "_wandb": {"runtime": 173}}