{"train_loss": 0.9918432831764221, "epoch": 99, "trainer/global_step": 46899, "_timestamp": 1688972730.499634, "_runtime": 1165.3901860713959, "_step": 938, "_wandb": {"runtime": 1164}}