{"train_loss": 1.1651818752288818, "epoch": 9, "trainer/global_step": 9349, "_timestamp": 1688689242.2725387, "_runtime": 186.83981370925903, "_step": 187, "_wandb": {"runtime": 186}}