{"train_loss": 35.196746826171875, "epoch": 9, "trainer/global_step": 4649, "_timestamp": 1688713436.0509183, "_runtime": 125.04040431976318, "_step": 93, "_wandb": {"runtime": 125}}