{"train_loss": 1.1779783964157104, "epoch": 9, "trainer/global_step": 9349, "_timestamp": 1688686795.0634007, "_runtime": 190.1623888015747, "_step": 187, "_wandb": {"runtime": 189}}