{"progress": 0.0, "_timestamp": 1687930644.460099, "_runtime": 10.168313980102539, "_step": 0, "_wandb": {"runtime": 9}}