{"train_loss": 7.682385444641113, "epoch": 1, "trainer/global_step": 1899, "_timestamp": 1688647929.1774108, "_runtime": 36.0593638420105, "_step": 38}