{"train_loss": Infinity, "epoch": 9, "trainer/global_step": 9349, "_timestamp": 1688693126.5586135, "_runtime": 173.02560353279114, "_step": 187, "_wandb": {"runtime": 172}}