{"train_loss": 23.840023040771484, "epoch": 9, "trainer/global_step": 9349, "_timestamp": 1688694960.193135, "_runtime": 170.95648193359375, "_step": 187, "_wandb": {"runtime": 170}}