{"train_loss": 1.3253244161605835, "epoch": 9, "trainer/global_step": 18749, "_timestamp": 1688656925.3858845, "_runtime": 325.5561616420746, "_step": 375, "_wandb": {"runtime": 324}}