{"train_loss": 1.096676230430603, "epoch": 9, "trainer/global_step": 18749, "_timestamp": 1688669760.2132392, "_runtime": 323.8905122280121, "_step": 375, "_wandb": {"runtime": 323}}