{"train_loss": NaN, "epoch": 9, "trainer/global_step": 18749, "_timestamp": 1688663831.1554043, "_runtime": 281.06837344169617, "_step": 375, "_wandb": {"runtime": 280}}