{"train_loss": 547652.8125, "epoch": 9, "trainer/global_step": 4649, "_timestamp": 1688720065.1265101, "_runtime": 132.8362581729889, "_step": 93, "_wandb": {"runtime": 133}}