{"train_loss": NaN, "epoch": 9, "trainer/global_step": 9349, "_timestamp": 1688704773.198006, "_runtime": 171.05779790878296, "_step": 187, "_wandb": {"runtime": 170}}