{"train_loss": 1.2713654041290283, "epoch": 9, "trainer/global_step": 18749, "_timestamp": 1688677921.9887922, "_runtime": 280.5270562171936, "_step": 375, "_wandb": {"runtime": 279}}