{"train_loss": NaN, "epoch": 9, "trainer/global_step": 18749, "_timestamp": 1688670083.2311666, "_runtime": 314.5528175830841, "_step": 375, "_wandb": {"runtime": 313}}