{"train_loss": 115.47260284423828, "epoch": 9, "trainer/global_step": 18749, "_timestamp": 1688678812.6708627, "_runtime": 290.01747465133667, "_step": 375, "_wandb": {"runtime": 289}}