{"train_loss": NaN, "epoch": 9, "trainer/global_step": 4649, "_timestamp": 1688717916.6172047, "_runtime": 129.26294875144958, "_step": 93, "_wandb": {"runtime": 129}}