{"train_loss": 38.4577751159668, "epoch": 9, "trainer/global_step": 4649, "_timestamp": 1688715042.400859, "_runtime": 124.8257691860199, "_step": 93, "_wandb": {"runtime": 124}}