{"train_loss": 0.9910263419151306, "epoch": 99, "trainer/global_step": 46899, "_timestamp": 1688970381.4449277, "_runtime": 1165.4387447834015, "_step": 938, "_wandb": {"runtime": 1164}}