{"train_loss": 1.0447529554367065, "epoch": 9, "trainer/global_step": 9349, "_timestamp": 1688699001.5874443, "_runtime": 195.0941662788391, "_step": 187, "_wandb": {"runtime": 195}}