{"train_loss": 1.168455719947815, "epoch": 9, "trainer/global_step": 18749, "_timestamp": 1688679990.75716, "_runtime": 286.73689103126526, "_step": 375, "_wandb": {"runtime": 285}}