{"train_loss": 24.99724006652832, "epoch": 9, "trainer/global_step": 4649, "_timestamp": 1688723398.3590412, "_runtime": 124.90055418014526, "_step": 93, "_wandb": {"runtime": 125}}