{"train_loss": 1.1300581693649292, "epoch": 9, "trainer/global_step": 4649, "_timestamp": 1688716119.2845912, "_runtime": 123.35304927825928, "_step": 93, "_wandb": {"runtime": 123}}