{"train_loss": 53.16742706298828, "epoch": 9, "trainer/global_step": 18749, "_timestamp": 1688664424.9053028, "_runtime": 283.49763464927673, "_step": 375, "_wandb": {"runtime": 282}}