{"train_loss": NaN, "epoch": 9, "trainer/global_step": 18749, "_timestamp": 1688657922.3152015, "_runtime": 316.3860774040222, "_step": 375, "_wandb": {"runtime": 315}}