{"train_loss": 10752.09765625, "epoch": 9, "trainer/global_step": 18749, "_timestamp": 1688660878.831569, "_runtime": 284.2090380191803, "_step": 375, "_wandb": {"runtime": 283}}