{"train_loss": 1.1487396955490112, "epoch": 9, "trainer/global_step": 18749, "_timestamp": 1688650960.9518588, "_runtime": 320.2596287727356, "_step": 375, "_wandb": {"runtime": 319}}