{"train_loss": 58246526140416.0, "epoch": 9, "trainer/global_step": 4649, "_timestamp": 1688715986.3471186, "_runtime": 120.77728772163391, "_step": 93, "_wandb": {"runtime": 121}}