{"train_loss": 1.1158303022384644, "epoch": 9, "trainer/global_step": 4649, "_timestamp": 1688713971.5803638, "_runtime": 124.21495485305786, "_step": 93, "_wandb": {"runtime": 124}}