{"train_loss": NaN, "epoch": 9, "trainer/global_step": 4649, "_timestamp": 1688721344.9903078, "_runtime": 130.35629677772522, "_step": 93, "_wandb": {"runtime": 130}}