{"train_loss": 2.5597558005604394e+26, "epoch": 9, "trainer/global_step": 4649, "_timestamp": 1688713569.0439258, "_runtime": 123.60633873939514, "_step": 93, "_wandb": {"runtime": 123}}