{"train_loss": 1.2598704099655151, "epoch": 9, "trainer/global_step": 9349, "_timestamp": 1688695698.2851846, "_runtime": 172.1619246006012, "_step": 187, "_wandb": {"runtime": 171}}