{"train_loss": NaN, "epoch": 9, "trainer/global_step": 9349, "_timestamp": 1688701668.0114958, "_runtime": 190.69015073776245, "_step": 187, "_wandb": {"runtime": 190}}