{"train_loss": 1.963822364807129, "epoch": 9, "trainer/global_step": 4649, "_timestamp": 1688725024.1463697, "_runtime": 124.5043716430664, "_step": 93, "_wandb": {"runtime": 124}}