{"train_loss": 2112091062272.0, "epoch": 9, "trainer/global_step": 4649, "_timestamp": 1688725156.362993, "_runtime": 122.54397797584534, "_step": 93, "_wandb": {"runtime": 122}}