{"train_loss": 1.3333635330200195, "epoch": 9, "trainer/global_step": 9349, "_timestamp": 1688703667.880851, "_runtime": 172.80064010620117, "_step": 187, "_wandb": {"runtime": 172}}