{"train_loss": 1.0292973518371582, "epoch": 9, "trainer/global_step": 4649, "_timestamp": 1688711141.4957006, "_runtime": 130.80644464492798, "_step": 93, "_wandb": {"runtime": 131}}