{"train_loss": NaN, "epoch": 9, "trainer/global_step": 18749, "_timestamp": 1688662054.5290282, "_runtime": 282.55903220176697, "_step": 375, "_wandb": {"runtime": 281}}