{"train_loss": 1.0974141359329224, "epoch": 9, "trainer/global_step": 4649, "_timestamp": 1688714503.5545418, "_runtime": 125.22165083885193, "_step": 93, "_wandb": {"runtime": 125}}