{"train_loss": 1.4388277530670166, "epoch": 9, "trainer/global_step": 18749, "_timestamp": 1688670747.9933505, "_runtime": 318.3257324695587, "_step": 375, "_wandb": {"runtime": 317}}