{"train_loss": NaN, "epoch": 9, "trainer/global_step": 18749, "_timestamp": 1688650631.0623498, "_runtime": 317.86989569664, "_step": 375, "_wandb": {"runtime": 317}}