{"train_loss": 10122.0244140625, "epoch": 9, "trainer/global_step": 9349, "_timestamp": 1688705143.1559398, "_runtime": 173.3839738368988, "_step": 187, "_wandb": {"runtime": 173}}