{"train_loss": 1.081816554069519, "epoch": 9, "trainer/global_step": 4649, "_timestamp": 1688718060.7326164, "_runtime": 132.86229753494263, "_step": 93, "_wandb": {"runtime": 133}}