{"train_loss": 1.1761038303375244, "epoch": 9, "trainer/global_step": 4649, "_timestamp": 1688716389.7567549, "_runtime": 124.62501287460327, "_step": 93, "_wandb": {"runtime": 124}}