{"train_loss": 1.3955426216125488, "epoch": 9, "trainer/global_step": 9349, "_timestamp": 1688691845.5998752, "_runtime": 174.49614024162292, "_step": 187, "_wandb": {"runtime": 174}}