{"train_loss": 3456257.75, "epoch": 9, "trainer/global_step": 9349, "_timestamp": 1688694221.4449227, "_runtime": 169.20635080337524, "_step": 187, "_wandb": {"runtime": 168}}