{"train_loss": 1.171613335609436, "epoch": 9, "trainer/global_step": 18749, "_timestamp": 1688678219.3770714, "_runtime": 287.5454432964325, "_step": 375, "_wandb": {"runtime": 286}}