{"train_loss": 1.1759873628616333, "epoch": 9, "trainer/global_step": 18749, "_timestamp": 1688677632.1030326, "_runtime": 285.99071168899536, "_step": 375, "_wandb": {"runtime": 285}}