{"train_loss": 2.31139874458313, "epoch": 9, "trainer/global_step": 9349, "_timestamp": 1688691658.4598045, "_runtime": 189.62014245986938, "_step": 187, "_wandb": {"runtime": 189}}