{"train_loss": NaN, "epoch": 9, "trainer/global_step": 4649, "_timestamp": 1688710998.9021168, "_runtime": 128.39904475212097, "_step": 93, "_wandb": {"runtime": 128}}