{"train_loss": 1.1589237451553345, "epoch": 9, "trainer/global_step": 9349, "_timestamp": 1688698394.6793964, "_runtime": 188.8311493396759, "_step": 187, "_wandb": {"runtime": 188}}