{"train_loss": 0.9581107497215271, "epoch": 99, "trainer/global_step": 46899, "_timestamp": 1688969199.137472, "_runtime": 1155.3369529247284, "_step": 938, "_wandb": {"runtime": 1154}}