{"train_loss": 1.0658965110778809, "epoch": 9, "trainer/global_step": 9349, "_timestamp": 1688698196.7092476, "_runtime": 193.48658752441406, "_step": 187, "_wandb": {"runtime": 193}}