{"train_loss": 34.8704948425293, "epoch": 9, "trainer/global_step": 18749, "_timestamp": 1688679692.7604358, "_runtime": 282.0836408138275, "_step": 375, "_wandb": {"runtime": 281}}