{"train_loss": 1.2222354412078857, "epoch": 9, "trainer/global_step": 9349, "_timestamp": 1688687632.999205, "_runtime": 185.69302320480347, "_step": 187, "_wandb": {"runtime": 185}}