{"train_loss": 1.1207969188690186, "epoch": 9, "trainer/global_step": 4649, "_timestamp": 1688723126.8273313, "_runtime": 124.16420722007751, "_step": 93, "_wandb": {"runtime": 124}}