{"train_loss": 1.2375177145004272, "epoch": 9, "trainer/global_step": 18749, "_timestamp": 1688660583.324719, "_runtime": 286.0590589046478, "_step": 375, "_wandb": {"runtime": 285}}