{"train_loss": 1.1182570457458496, "epoch": 9, "trainer/global_step": 18749, "_timestamp": 1688674397.1132338, "_runtime": 323.8452467918396, "_step": 375, "_wandb": {"runtime": 323}}