{"train_loss": 1.199514627456665, "epoch": 9, "trainer/global_step": 4649, "_timestamp": 1688710713.6048217, "_runtime": 133.41600966453552, "_step": 93, "_wandb": {"runtime": 133}}