{"train_loss": 1.738750696182251, "epoch": 9, "trainer/global_step": 18749, "_timestamp": 1688661762.5703473, "_runtime": 286.1690423488617, "_step": 375, "_wandb": {"runtime": 285}}