{"train_loss": 1.4597610235214233, "epoch": 9, "trainer/global_step": 18749, "_timestamp": 1688684698.7863293, "_runtime": 285.9365601539612, "_step": 375, "_wandb": {"runtime": 284}}