{"train_loss": 315535.3125, "epoch": 9, "trainer/global_step": 9349, "_timestamp": 1688688242.9445825, "_runtime": 193.51437735557556, "_step": 187, "_wandb": {"runtime": 193}}