{"train_loss": 1.0424120426177979, "epoch": 9, "trainer/global_step": 9349, "_timestamp": 1688700634.6824024, "_runtime": 196.59363532066345, "_step": 187, "_wandb": {"runtime": 196}}