{"train_loss": 4306693.0, "epoch": 9, "trainer/global_step": 18749, "_timestamp": 1688671089.8706126, "_runtime": 324.21358466148376, "_step": 375, "_wandb": {"runtime": 323}}