{"train_loss": 14299613.0, "epoch": 9, "trainer/global_step": 18749, "_timestamp": 1688652290.7701995, "_runtime": 321.96057748794556, "_step": 375, "_wandb": {"runtime": 321}}