{"train_loss": 1.158469319343567, "epoch": 9, "trainer/global_step": 9349, "_timestamp": 1688703857.9442663, "_runtime": 177.66719436645508, "_step": 187, "_wandb": {"runtime": 177}}