{"train_loss": 48.36593246459961, "epoch": 9, "trainer/global_step": 4649, "_timestamp": 1688719208.9354436, "_runtime": 130.73121571540833, "_step": 93, "_wandb": {"runtime": 130}}