{"train_loss": 1.180222749710083, "epoch": 9, "trainer/global_step": 18749, "_timestamp": 1688662941.9218152, "_runtime": 285.05914425849915, "_step": 375, "_wandb": {"runtime": 284}}