{"train_loss": 1.1204218864440918, "epoch": 9, "trainer/global_step": 18749, "_timestamp": 1688653615.8035023, "_runtime": 322.83691239356995, "_step": 375, "_wandb": {"runtime": 322}}