{"train_loss": 1.1210553646087646, "epoch": 9, "trainer/global_step": 9349, "_timestamp": 1688693311.042799, "_runtime": 175.2116949558258, "_step": 187, "_wandb": {"runtime": 175}}