{"train_loss": 9066805248.0, "epoch": 9, "trainer/global_step": 18749, "_timestamp": 1688666191.409954, "_runtime": 280.69585514068604, "_step": 375, "_wandb": {"runtime": 279}}