{"train_loss": 30.153539657592773, "epoch": 9, "trainer/global_step": 4649, "_timestamp": 1688714234.962301, "_runtime": 121.77163910865784, "_step": 93, "_wandb": {"runtime": 122}}