{"train_loss": NaN, "epoch": 9, "trainer/global_step": 4649, "_timestamp": 1688720207.847024, "_runtime": 130.02883505821228, "_step": 93, "_wandb": {"runtime": 130}}