{"train_loss": 1.107699990272522, "epoch": 9, "trainer/global_step": 9349, "_timestamp": 1688686182.0637045, "_runtime": 191.6330645084381, "_step": 187, "_wandb": {"runtime": 191}}