{"train_loss": 1.1059224605560303, "epoch": 9, "trainer/global_step": 4649, "_timestamp": 1688709401.9535825, "_runtime": 140.32037162780762, "_step": 93, "_wandb": {"runtime": 141}}