{"train_loss": 1.1987440586090088, "epoch": 9, "trainer/global_step": 9349, "_timestamp": 1688700845.1802876, "_runtime": 199.31157970428467, "_step": 187, "_wandb": {"runtime": 199}}