{"train_loss": 1.0647565126419067, "epoch": 9, "trainer/global_step": 4649, "_timestamp": 1688719779.0301976, "_runtime": 133.16365265846252, "_step": 93, "_wandb": {"runtime": 133}}