{"train_loss": 8500572672.0, "epoch": 9, "trainer/global_step": 9349, "_timestamp": 1688700017.5802662, "_runtime": 191.28089213371277, "_step": 187, "_wandb": {"runtime": 191}}