{"train_loss": 1.6260305643081665, "epoch": 9, "trainer/global_step": 4649, "_timestamp": 1688716660.3736691, "_runtime": 124.4789891242981, "_step": 93, "_wandb": {"runtime": 124}}