{"train_loss": 4805.19384765625, "epoch": 9, "trainer/global_step": 9349, "_timestamp": 1688708569.077278, "_runtime": 181.84228086471558, "_step": 187, "_wandb": {"runtime": 181}}