{"train_loss": 1.0413165092468262, "epoch": 9, "trainer/global_step": 9349, "_timestamp": 1688965913.5801141, "_runtime": 178.3001630306244, "_step": 187, "_wandb": {"runtime": 178}}