{"train_loss": 1.6137861013412476, "epoch": 9, "trainer/global_step": 18749, "_timestamp": 1688665309.4103155, "_runtime": 287.33456158638, "_step": 375, "_wandb": {"runtime": 286}}