{"train_loss": 1.0339937210083008, "epoch": 9, "trainer/global_step": 4649, "_timestamp": 1688719490.566157, "_runtime": 130.30698418617249, "_step": 93, "_wandb": {"runtime": 130}}