{"train_loss": 1.1443113088607788, "epoch": 9, "trainer/global_step": 9349, "_timestamp": 1688694777.3436062, "_runtime": 174.42721915245056, "_step": 187, "_wandb": {"runtime": 174}}