{"train_loss": NaN, "epoch": 9, "trainer/global_step": 18749, "_timestamp": 1688684403.4255962, "_runtime": 281.1137993335724, "_step": 375, "_wandb": {"runtime": 280}}