{"train_loss": 3084519680.0, "epoch": 9, "trainer/global_step": 18749, "_timestamp": 1688674064.3665767, "_runtime": 316.6134445667267, "_step": 375, "_wandb": {"runtime": 315}}