{"train_loss": 1.1922972202301025, "epoch": 9, "trainer/global_step": 18749, "_timestamp": 1688667439.333156, "_runtime": 317.3926432132721, "_step": 375, "_wandb": {"runtime": 316}}