{"train_loss": 219.38348388671875, "epoch": 9, "trainer/global_step": 9349, "_timestamp": 1688702284.6251287, "_runtime": 198.50571584701538, "_step": 187, "_wandb": {"runtime": 198}}