{"train_loss": 1.1312023401260376, "epoch": 9, "trainer/global_step": 9349, "_timestamp": 1688704227.2286787, "_runtime": 177.71342778205872, "_step": 187, "_wandb": {"runtime": 177}}