{"train_loss": 416.8896789550781, "epoch": 9, "trainer/global_step": 18749, "_timestamp": 1688654282.6881669, "_runtime": 323.6852729320526, "_step": 375, "_wandb": {"runtime": 322}}