{"train_loss": 31412929429504.0, "epoch": 9, "trainer/global_step": 18749, "_timestamp": 1688662647.8404481, "_runtime": 283.47674322128296, "_step": 375, "_wandb": {"runtime": 282}}