{"train_loss": 1.1610142929932467e+23, "epoch": 9, "trainer/global_step": 9349, "_timestamp": 1688705884.81751, "_runtime": 172.76107597351074, "_step": 187, "_wandb": {"runtime": 172}}