{"train_loss": 1.2707695960998535, "epoch": 9, "trainer/global_step": 18749, "_timestamp": 1688676405.5953946, "_runtime": 320.5706355571747, "_step": 375, "_wandb": {"runtime": 319}}