{"train_loss": 43.401737213134766, "epoch": 9, "trainer/global_step": 4649, "_timestamp": 1688717074.450001, "_runtime": 123.415363073349, "_step": 93, "_wandb": {"runtime": 123}}