{"train_loss": 1.1518453359603882, "epoch": 9, "trainer/global_step": 9349, "_timestamp": 1688692210.7162187, "_runtime": 170.9301347732544, "_step": 187, "_wandb": {"runtime": 170}}