{"train_loss": 1.1686341762542725, "epoch": 9, "trainer/global_step": 9349, "_timestamp": 1688699611.9875011, "_runtime": 190.65200805664062, "_step": 187, "_wandb": {"runtime": 190}}