{"train_loss": 36.89269256591797, "epoch": 9, "trainer/global_step": 4649, "_timestamp": 1688713011.0459213, "_runtime": 131.86114621162415, "_step": 93, "_wandb": {"runtime": 132}}