{"train_loss": 23686.30078125, "epoch": 9, "trainer/global_step": 4649, "_timestamp": 1688712722.5051591, "_runtime": 129.3548710346222, "_step": 93, "_wandb": {"runtime": 129}}