{"train_loss": 1.1231555938720703, "epoch": 9, "trainer/global_step": 9349, "_timestamp": 1688703092.518761, "_runtime": 192.3124589920044, "_step": 187, "_wandb": {"runtime": 192}}