{"train_loss": 1.1302870512008667, "epoch": 9, "trainer/global_step": 18749, "_timestamp": 1688648972.0443158, "_runtime": 325.9107437133789, "_step": 375, "_wandb": {"runtime": 325}}