{"train_loss": 1.1214540004730225, "epoch": 9, "trainer/global_step": 9349, "_timestamp": 1688704959.7383015, "_runtime": 176.24772763252258, "_step": 187, "_wandb": {"runtime": 175}}