{"train_loss": 6625871003648.0, "epoch": 9, "trainer/global_step": 18749, "_timestamp": 1688672075.0667853, "_runtime": 316.52892327308655, "_step": 375, "_wandb": {"runtime": 315}}