{"train_loss": 1687.3238525390625, "epoch": 9, "trainer/global_step": 18749, "_timestamp": 1688665012.347982, "_runtime": 282.77731800079346, "_step": 375, "_wandb": {"runtime": 281}}