{"train_loss": 1.062766194343567, "epoch": 9, "trainer/global_step": 9349, "_timestamp": 1688700220.280881, "_runtime": 191.7051498889923, "_step": 187, "_wandb": {"runtime": 191}}