{"train_loss": 35.87453079223633, "epoch": 9, "trainer/global_step": 9349, "_timestamp": 1688707795.6375406, "_runtime": 174.39557266235352, "_step": 187, "_wandb": {"runtime": 174}}