{"train_loss": 1.1522252559661865, "epoch": 9, "trainer/global_step": 18749, "_timestamp": 1688652954.3510878, "_runtime": 326.22933983802795, "_step": 375, "_wandb": {"runtime": 325}}