{"train_loss": 1.2360256910324097, "epoch": 9, "trainer/global_step": 18749, "_timestamp": 1688664720.1254869, "_runtime": 285.63224387168884, "_step": 375, "_wandb": {"runtime": 284}}