{"train_loss": NaN, "epoch": 9, "trainer/global_step": 9349, "_timestamp": 1688687236.9918232, "_runtime": 187.272536277771, "_step": 187, "_wandb": {"runtime": 187}}