{"train_loss": 1.1220577955245972, "epoch": 9, "trainer/global_step": 4649, "_timestamp": 1688722850.049233, "_runtime": 123.00152492523193, "_step": 93, "_wandb": {"runtime": 123}}