{"train_loss": 56.57315444946289, "epoch": 9, "trainer/global_step": 9349, "_timestamp": 1688706269.389103, "_runtime": 179.39227390289307, "_step": 187, "_wandb": {"runtime": 179}}