{"train_loss": 6813928960.0, "epoch": 9, "trainer/global_step": 9349, "_timestamp": 1688689641.992998, "_runtime": 187.46605896949768, "_step": 187, "_wandb": {"runtime": 187}}