{"train_loss": 1.1407818794250488, "epoch": 9, "trainer/global_step": 9349, "_timestamp": 1688706465.5064077, "_runtime": 178.06844878196716, "_step": 187, "_wandb": {"runtime": 177}}