{"train_loss": 551.8533325195312, "epoch": 9, "trainer/global_step": 18749, "_timestamp": 1688675061.7953277, "_runtime": 323.73359870910645, "_step": 375, "_wandb": {"runtime": 322}}