{"train_loss": 1.1888809204101562, "epoch": 9, "trainer/global_step": 4649, "_timestamp": 1688719922.0940497, "_runtime": 131.24735975265503, "_step": 93, "_wandb": {"runtime": 131}}