{"train_loss": NaN, "epoch": 9, "trainer/global_step": 18749, "_timestamp": 1688653282.9678228, "_runtime": 317.45655584335327, "_step": 375, "_wandb": {"runtime": 316}}