{"train_loss": 34.80591583251953, "epoch": 9, "trainer/global_step": 4649, "_timestamp": 1688722990.9565744, "_runtime": 122.61210346221924, "_step": 93, "_wandb": {"runtime": 123}}