{"train_loss": 29.691917419433594, "epoch": 9, "trainer/global_step": 4649, "_timestamp": 1688709098.0792801, "_runtime": 132.32911825180054, "_step": 93, "_wandb": {"runtime": 132}}