{"train_loss": 1.069844365119934, "epoch": 9, "trainer/global_step": 4649, "_timestamp": 1688718918.6292472, "_runtime": 133.19730520248413, "_step": 93, "_wandb": {"runtime": 133}}