{"train_loss": 1.7177455425262451, "epoch": 9, "trainer/global_step": 18749, "_timestamp": 1688683814.482405, "_runtime": 282.7402539253235, "_step": 375, "_wandb": {"runtime": 281}}