{"train_loss": 1.1873887777328491, "epoch": 9, "trainer/global_step": 4649, "_timestamp": 1688723262.250144, "_runtime": 124.18059301376343, "_step": 93, "_wandb": {"runtime": 124}}