{"train_loss": 24.590883255004883, "epoch": 9, "trainer/global_step": 4649, "_timestamp": 1688722582.4109147, "_runtime": 120.78202056884766, "_step": 93, "_wandb": {"runtime": 121}}