{"train_loss": 1.8654200202516234e+18, "epoch": 9, "trainer/global_step": 4649, "_timestamp": 1688723529.92459, "_runtime": 122.09287619590759, "_step": 93, "_wandb": {"runtime": 122}}