{"train_loss": 1.2126816511154175, "epoch": 9, "trainer/global_step": 9349, "_timestamp": 1688702075.5303807, "_runtime": 191.7200117111206, "_step": 187, "_wandb": {"runtime": 191}}