{"train_loss": 315488.1875, "epoch": 9, "trainer/global_step": 9349, "_timestamp": 1688694040.2623527, "_runtime": 174.36096382141113, "_step": 187, "_wandb": {"runtime": 174}}