{"train_loss": 105.926513671875, "epoch": 9, "trainer/global_step": 9349, "_timestamp": 1688698597.7505229, "_runtime": 190.4390287399292, "_step": 187, "_wandb": {"runtime": 190}}