{"train_loss": 1.212648630142212, "epoch": 9, "trainer/global_step": 4649, "_timestamp": 1688724887.683842, "_runtime": 123.42200303077698, "_step": 93, "_wandb": {"runtime": 123}}