{"train_loss": 58.66444778442383, "epoch": 9, "trainer/global_step": 4649, "_timestamp": 1688711574.1544561, "_runtime": 131.89686703681946, "_step": 93, "_wandb": {"runtime": 132}}