{"train_loss": 1.3964053392410278, "epoch": 9, "trainer/global_step": 18749, "_timestamp": 1688680581.8476353, "_runtime": 287.39730429649353, "_step": 375, "_wandb": {"runtime": 286}}