{"train_loss": 1.096679449081421, "epoch": 9, "trainer/global_step": 18749, "_timestamp": 1688670420.6628582, "_runtime": 323.432213306427, "_step": 375, "_wandb": {"runtime": 322}}