{"train_loss": 1.1360729932785034, "epoch": 9, "trainer/global_step": 9349, "_timestamp": 1688706078.6347148, "_runtime": 175.3605318069458, "_step": 187, "_wandb": {"runtime": 174}}