{"train_loss": 1.2621309757232666, "epoch": 9, "trainer/global_step": 9349, "_timestamp": 1688689443.9378438, "_runtime": 191.62898087501526, "_step": 187, "_wandb": {"runtime": 191}}