{"train_loss": NaN, "epoch": 9, "trainer/global_step": 18749, "_timestamp": 1688652618.2024922, "_runtime": 317.590457201004, "_step": 375, "_wandb": {"runtime": 316}}