{"train_loss": 1.1726356744766235, "epoch": 9, "trainer/global_step": 18749, "_timestamp": 1688658800.3011796, "_runtime": 284.8779287338257, "_step": 375, "_wandb": {"runtime": 284}}