{"train_loss": 41.422279357910156, "epoch": 9, "trainer/global_step": 4649, "_timestamp": 1688714637.1190479, "_runtime": 124.36903595924377, "_step": 93, "_wandb": {"runtime": 124}}