{"train_loss": 1.0941505432128906, "epoch": 9, "trainer/global_step": 4649, "_timestamp": 1688723672.6367779, "_runtime": 123.47940397262573, "_step": 93, "_wandb": {"runtime": 123}}