{"train_loss": 2607719.25, "epoch": 9, "trainer/global_step": 9349, "_timestamp": 1688694593.4915009, "_runtime": 172.76815485954285, "_step": 187, "_wandb": {"runtime": 172}}