{"train_loss": 1.0873152017593384, "epoch": 9, "trainer/global_step": 4649, "_timestamp": 1688721489.866738, "_runtime": 133.94303512573242, "_step": 93, "_wandb": {"runtime": 134}}