{"train_loss": 1.087025761604309, "epoch": 9, "trainer/global_step": 9349, "_timestamp": 1688689843.8147063, "_runtime": 192.38067936897278, "_step": 187, "_wandb": {"runtime": 192}}