{"train_loss": 36.300132751464844, "epoch": 9, "trainer/global_step": 4649, "_timestamp": 1688721769.588453, "_runtime": 123.19671297073364, "_step": 93, "_wandb": {"runtime": 123}}