{"train_loss": 1.0161909318759738e+30, "epoch": 9, "trainer/global_step": 18749, "_timestamp": 1688682644.447818, "_runtime": 281.2012369632721, "_step": 375, "_wandb": {"runtime": 280}}