{"train_loss": NaN, "epoch": 9, "trainer/global_step": 4649, "_timestamp": 1688717625.1997855, "_runtime": 128.61766457557678, "_step": 93, "_wandb": {"runtime": 128}}