{"train_loss": 1.0190162658691406, "epoch": 9, "trainer/global_step": 4649, "_timestamp": 1688966739.5993419, "_runtime": 116.8863308429718, "_step": 93, "_wandb": {"runtime": 117}}