{"train_loss": NaN, "epoch": 9, "trainer/global_step": 9349, "_timestamp": 1688701258.7395773, "_runtime": 195.79744124412537, "_step": 187, "_wandb": {"runtime": 195}}