{"train_loss": NaN, "epoch": 9, "trainer/global_step": 18749, "_timestamp": 1688656590.080601, "_runtime": 316.9103510379791, "_step": 375, "_wandb": {"runtime": 316}}