{"train_loss": 31779256.0, "epoch": 9, "trainer/global_step": 18749, "_timestamp": 1688668097.9031096, "_runtime": 317.11464762687683, "_step": 375, "_wandb": {"runtime": 316}}