{"train_loss": 12480223903744.0, "epoch": 9, "trainer/global_step": 18749, "_timestamp": 1688655267.6839693, "_runtime": 314.4523892402649, "_step": 375, "_wandb": {"runtime": 313}}