{"train_loss": 1.3253578252300268e+20, "epoch": 9, "trainer/global_step": 18749, "_timestamp": 1688680873.527049, "_runtime": 282.54826307296753, "_step": 375, "_wandb": {"runtime": 281}}