{"train_loss": 1.1948795318603516, "epoch": 9, "trainer/global_step": 18749, "_timestamp": 1688655600.4428847, "_runtime": 324.763281583786, "_step": 375, "_wandb": {"runtime": 323}}