{"train_loss": NaN, "epoch": 9, "trainer/global_step": 9349, "_timestamp": 1688697991.3891394, "_runtime": 191.56642937660217, "_step": 187, "_wandb": {"runtime": 191}}