{"train_loss": 1.6614983081817627, "epoch": 9, "trainer/global_step": 4649, "_timestamp": 1688720781.0721335, "_runtime": 131.65408062934875, "_step": 93, "_wandb": {"runtime": 130}}