{"train_loss": 3447.6318359375, "epoch": 9, "trainer/global_step": 9349, "_timestamp": 1688696442.1422474, "_runtime": 174.48648142814636, "_step": 187, "_wandb": {"runtime": 174}}