{"train_loss": 1.1918691396713257, "epoch": 9, "trainer/global_step": 9349, "_timestamp": 1688704407.0362444, "_runtime": 171.52940344810486, "_step": 187, "_wandb": {"runtime": 171}}