{"train_loss": 39.32148742675781, "epoch": 2, "trainer/global_step": 4449, "_timestamp": 1688647639.7412972, "_runtime": 81.26403617858887, "_step": 89}