{"train_loss": 1.3208492994308472, "epoch": 9, "trainer/global_step": 18749, "_timestamp": 1688685290.2845223, "_runtime": 290.5780682563782, "_step": 375, "_wandb": {"runtime": 289}}