{"train_loss": 1.1603710651397705, "epoch": 9, "trainer/global_step": 9349, "_timestamp": 1688691456.3382158, "_runtime": 193.32235074043274, "_step": 187, "_wandb": {"runtime": 193}}