{"train_loss": 1.2186410427093506, "epoch": 9, "trainer/global_step": 18749, "_timestamp": 1688681755.7691607, "_runtime": 286.54455971717834, "_step": 375, "_wandb": {"runtime": 285}}