{"train_loss": 540983.5625, "epoch": 9, "trainer/global_step": 18749, "_timestamp": 1688669097.7847896, "_runtime": 324.51851058006287, "_step": 375, "_wandb": {"runtime": 323}}