{"train_loss": 1261955.5, "epoch": 9, "trainer/global_step": 9349, "_timestamp": 1688699817.324725, "_runtime": 193.3129849433899, "_step": 187, "_wandb": {"runtime": 193}}