{"train_loss": 1.1716854572296143, "epoch": 9, "trainer/global_step": 9349, "_timestamp": 1688705514.1018374, "_runtime": 175.57674837112427, "_step": 187, "_wandb": {"runtime": 175}}