{"train_loss": 1.1771149635314941, "epoch": 9, "trainer/global_step": 18749, "_timestamp": 1688668765.368284, "_runtime": 318.6237790584564, "_step": 375, "_wandb": {"runtime": 317}}