{"train_loss": 1.418713092803955, "epoch": 9, "trainer/global_step": 18749, "_timestamp": 1688663541.1248634, "_runtime": 286.4467384815216, "_step": 375, "_wandb": {"runtime": 285}}