{"train_loss": 1.386143445968628, "epoch": 9, "trainer/global_step": 9349, "_timestamp": 1688706837.616076, "_runtime": 177.35187005996704, "_step": 187, "_wandb": {"runtime": 177}}