{"train_loss": 1.113586664199829, "epoch": 9, "trainer/global_step": 18749, "_timestamp": 1688672417.1360207, "_runtime": 325.1667766571045, "_step": 375, "_wandb": {"runtime": 324}}