{"train_loss": 621.2049560546875, "epoch": 9, "trainer/global_step": 18749, "_timestamp": 1688658506.703984, "_runtime": 281.84712195396423, "_step": 375, "_wandb": {"runtime": 281}}