{"train_loss": 1.154053807258606, "epoch": 9, "trainer/global_step": 9349, "_timestamp": 1688704041.1973345, "_runtime": 174.00218963623047, "_step": 187, "_wandb": {"runtime": 173}}