{"train_loss": 150.06338500976562, "epoch": 9, "trainer/global_step": 18749, "_timestamp": 1688665600.7469976, "_runtime": 282.7617566585541, "_step": 375, "_wandb": {"runtime": 281}}