{"train_loss": 88.3028564453125, "epoch": 9, "trainer/global_step": 4649, "_timestamp": 1688711722.5804682, "_runtime": 134.94330525398254, "_step": 93, "_wandb": {"runtime": 135}}