{"train_loss": 1.010699987411499, "epoch": 9, "trainer/global_step": 9349, "_timestamp": 1688687436.7699265, "_runtime": 190.2417175769806, "_step": 187, "_wandb": {"runtime": 190}}