{"train_loss": 1.20839262008667, "epoch": 9, "trainer/global_step": 18749, "_timestamp": 1688682050.5568717, "_runtime": 283.9423885345459, "_step": 375, "_wandb": {"runtime": 283}}