{"train_loss": 1.0291345119476318, "epoch": 9, "trainer/global_step": 9349, "_timestamp": 1688687834.8863, "_runtime": 190.33367800712585, "_step": 187, "_wandb": {"runtime": 189}}