{"train_loss": 1.1604113578796387, "epoch": 9, "trainer/global_step": 9349, "_timestamp": 1688692392.116887, "_runtime": 171.18257808685303, "_step": 187, "_wandb": {"runtime": 170}}