{"train_loss": 1.078986406326294, "epoch": 9, "trainer/global_step": 4649, "_timestamp": 1688718630.7406642, "_runtime": 131.63559412956238, "_step": 93, "_wandb": {"runtime": 131}}