{"train_loss": 1.1727744340896606, "epoch": 9, "trainer/global_step": 4649, "_timestamp": 1688713157.6250336, "_runtime": 133.18754959106445, "_step": 93, "_wandb": {"runtime": 133}}