{"train_loss": NaN, "epoch": 9, "trainer/global_step": 4649, "_timestamp": 1688710138.8094795, "_runtime": 133.12709546089172, "_step": 93, "_wandb": {"runtime": 133}}