{"train_loss": 1.0737508535385132, "epoch": 9, "trainer/global_step": 9349, "_timestamp": 1688688646.887637, "_runtime": 192.92376589775085, "_step": 187, "_wandb": {"runtime": 192}}