{"train_loss": 1.187005877494812, "epoch": 9, "trainer/global_step": 18749, "_timestamp": 1688649966.3791952, "_runtime": 319.1582462787628, "_step": 375, "_wandb": {"runtime": 318}}