{"train_loss": 34.682254791259766, "epoch": 9, "trainer/global_step": 4649, "_timestamp": 1688723807.3651314, "_runtime": 123.06422233581543, "_step": 93, "_wandb": {"runtime": 123}}