{"train_loss": 1.0641950368881226, "epoch": 9, "trainer/global_step": 4649, "_timestamp": 1688720637.3918245, "_runtime": 133.35312056541443, "_step": 93, "_wandb": {"runtime": 133}}