{"train_loss": 1.1090381145477295, "epoch": 9, "trainer/global_step": 4649, "_timestamp": 1688722311.4402077, "_runtime": 124.78936076164246, "_step": 93, "_wandb": {"runtime": 124}}