{"train_loss": 1.131057858467102, "epoch": 9, "trainer/global_step": 18749, "_timestamp": 1688667771.5820477, "_runtime": 323.25178575515747, "_step": 375, "_wandb": {"runtime": 322}}