{"train_loss": 1.127851128578186, "epoch": 9, "trainer/global_step": 9349, "_timestamp": 1688687039.9610252, "_runtime": 192.44873714447021, "_step": 187, "_wandb": {"runtime": 192}}