{"train_loss": 35.209903717041016, "epoch": 9, "trainer/global_step": 4649, "_timestamp": 1688716252.4149017, "_runtime": 121.75461983680725, "_step": 93, "_wandb": {"runtime": 122}}