{"train_loss": 1.1016643047332764, "epoch": 9, "trainer/global_step": 18749, "_timestamp": 1688651630.5497975, "_runtime": 325.45273756980896, "_step": 375, "_wandb": {"runtime": 324}}