{"train_loss": 2.1571147441864014, "epoch": 9, "trainer/global_step": 9349, "_timestamp": 1688690449.8549402, "_runtime": 186.2909550666809, "_step": 187, "_wandb": {"runtime": 185}}