{"train_loss": NaN, "epoch": 9, "trainer/global_step": 9349, "_timestamp": 1688690849.0680144, "_runtime": 185.81893634796143, "_step": 187, "_wandb": {"runtime": 185}}