{"train_loss": 1.0197340250015259, "epoch": 9, "trainer/global_step": 9349, "_timestamp": 1688966297.4216616, "_runtime": 177.54181361198425, "_step": 187, "_wandb": {"runtime": 177}}