{"train_loss": 1.3476020097732544, "epoch": 9, "trainer/global_step": 18749, "_timestamp": 1688685581.5898054, "_runtime": 281.60658526420593, "_step": 375, "_wandb": {"runtime": 280}}