{"train_loss": 1.4087567329406738, "epoch": 9, "trainer/global_step": 18749, "_timestamp": 1688665899.1761556, "_runtime": 289.7408046722412, "_step": 375, "_wandb": {"runtime": 288}}