{"train_loss": NaN, "epoch": 9, "trainer/global_step": 18749, "_timestamp": 1688648637.2460935, "_runtime": 318.67990255355835, "_step": 375, "_wandb": {"runtime": 317}}