{"train_loss": 34.8524284362793, "epoch": 9, "trainer/global_step": 4649, "_timestamp": 1688724344.9446957, "_runtime": 121.90212559700012, "_step": 93, "_wandb": {"runtime": 122}}