{"train_loss": 1.598690152168274, "epoch": 9, "trainer/global_step": 9349, "_timestamp": 1688707989.541473, "_runtime": 180.99215698242188, "_step": 187, "_wandb": {"runtime": 180}}