{"train_loss": 67.52891540527344, "epoch": 9, "trainer/global_step": 9349, "_timestamp": 1688697378.5392811, "_runtime": 190.5254201889038, "_step": 187, "_wandb": {"runtime": 190}}