{"train_loss": 1.118504524230957, "epoch": 9, "trainer/global_step": 4649, "_timestamp": 1688718769.6547337, "_runtime": 130.36042070388794, "_step": 93, "_wandb": {"runtime": 130}}