{"train_loss": 1.0701617002487183, "epoch": 9, "trainer/global_step": 4649, "_timestamp": 1688717768.1548457, "_runtime": 132.09494376182556, "_step": 93, "_wandb": {"runtime": 132}}