{"train_loss": 1.11704683303833, "epoch": 9, "trainer/global_step": 9349, "_timestamp": 1688690254.3520098, "_runtime": 193.00055575370789, "_step": 187, "_wandb": {"runtime": 192}}