{"train_loss": 1.1420053243637085, "epoch": 9, "trainer/global_step": 4649, "_timestamp": 1688709705.9249618, "_runtime": 140.8395128250122, "_step": 93, "_wandb": {"runtime": 141}}