{"train_loss": 315486.46875, "epoch": 9, "trainer/global_step": 9349, "_timestamp": 1688705702.4293172, "_runtime": 177.21666622161865, "_step": 187, "_wandb": {"runtime": 177}}