{"train_loss": 1.1874091625213623, "epoch": 9, "trainer/global_step": 18749, "_timestamp": 1688659696.1856654, "_runtime": 282.54408144950867, "_step": 375, "_wandb": {"runtime": 281}}