{"train_loss": 6.934333702885582e+31, "epoch": 9, "trainer/global_step": 9349, "_timestamp": 1688707025.4427197, "_runtime": 178.31508374214172, "_step": 187, "_wandb": {"runtime": 178}}