{"train_loss": 1.143928050994873, "epoch": 9, "trainer/global_step": 9349, "_timestamp": 1688707226.2828968, "_runtime": 181.42609167099, "_step": 187, "_wandb": {"runtime": 181}}