{"train_loss": 1.6058669090270996, "epoch": 9, "trainer/global_step": 18749, "_timestamp": 1688684110.0247846, "_runtime": 287.70271158218384, "_step": 375, "_wandb": {"runtime": 286}}