{"train_loss": 36.71752166748047, "epoch": 9, "trainer/global_step": 4649, "_timestamp": 1688724617.4740736, "_runtime": 124.08606672286987, "_step": 93, "_wandb": {"runtime": 124}}