{"train_loss": NaN, "epoch": 9, "trainer/global_step": 18749, "_timestamp": 1688669424.7275348, "_runtime": 315.8766407966614, "_step": 375, "_wandb": {"runtime": 315}}