{"train_loss": 1.0853815078735352, "epoch": 9, "trainer/global_step": 4649, "_timestamp": 1688712011.9122353, "_runtime": 132.76313519477844, "_step": 93, "_wandb": {"runtime": 132}}