{"train_loss": 1.3138892650604248, "epoch": 9, "trainer/global_step": 4649, "_timestamp": 1688714368.5361915, "_runtime": 121.01802945137024, "_step": 93, "_wandb": {"runtime": 121}}