{"train_loss": 1.1907539367675781, "epoch": 9, "trainer/global_step": 9349, "_timestamp": 1688692756.6082757, "_runtime": 170.6531536579132, "_step": 187, "_wandb": {"runtime": 170}}