{"train_loss": 1.2995131015777588, "epoch": 9, "trainer/global_step": 18749, "_timestamp": 1688664130.8853035, "_runtime": 290.16950941085815, "_step": 375, "_wandb": {"runtime": 289}}