{"train_loss": 1.225439429283142, "epoch": 9, "trainer/global_step": 18749, "_timestamp": 1688662353.01792, "_runtime": 287.68219208717346, "_step": 375, "_wandb": {"runtime": 286}}