{"train_loss": NaN, "epoch": 9, "trainer/global_step": 9349, "_timestamp": 1688700420.9134293, "_runtime": 190.0648181438446, "_step": 187, "_wandb": {"runtime": 189}}