{"train_loss": NaN, "epoch": 9, "trainer/global_step": 18749, "_timestamp": 1688657256.0343974, "_runtime": 318.7640953063965, "_step": 375, "_wandb": {"runtime": 318}}