{"train_loss": 1.196054220199585, "epoch": 9, "trainer/global_step": 4649, "_timestamp": 1688724075.8462336, "_runtime": 122.79561471939087, "_step": 93, "_wandb": {"runtime": 122}}