{"train_loss": 1.29133141040802, "epoch": 9, "trainer/global_step": 18749, "_timestamp": 1688677038.2494, "_runtime": 291.00568199157715, "_step": 375, "_wandb": {"runtime": 289}}