{"train_loss": 1.29282546043396, "epoch": 9, "trainer/global_step": 18749, "_timestamp": 1688659094.445357, "_runtime": 283.65177607536316, "_step": 375, "_wandb": {"runtime": 282}}