{"train_loss": 1.128624439239502, "epoch": 9, "trainer/global_step": 9349, "_timestamp": 1688705327.9782066, "_runtime": 175.64689373970032, "_step": 187, "_wandb": {"runtime": 175}}