{"train_loss": 631182.4375, "epoch": 9, "trainer/global_step": 9349, "_timestamp": 1688690651.8855925, "_runtime": 190.90208053588867, "_step": 187, "_wandb": {"runtime": 190}}