{"train_loss": 1.246498703956604, "epoch": 9, "trainer/global_step": 4649, "_timestamp": 1688725696.4157887, "_runtime": 122.57356667518616, "_step": 93, "_wandb": {"runtime": 122}}