{"train_loss": 283822592.0, "epoch": 9, "trainer/global_step": 9349, "_timestamp": 1688696809.490038, "_runtime": 172.30931186676025, "_step": 187, "_wandb": {"runtime": 172}}