{"progress": 0.0, "_timestamp": 1687930733.244066, "_runtime": 1.3318850994110107, "_step": 0, "_wandb": {"runtime": 0}}