{"train_loss": 1.2876673936843872, "epoch": 9, "trainer/global_step": 18749, "_timestamp": 1688657597.1922915, "_runtime": 328.3304433822632, "_step": 375, "_wandb": {"runtime": 327}}