{"train_loss": 1.1336889266967773, "epoch": 9, "trainer/global_step": 4649, "_timestamp": 1688724751.9631991, "_runtime": 123.19979405403137, "_step": 93, "_wandb": {"runtime": 123}}