{"train_loss": NaN, "epoch": 9, "trainer/global_step": 9349, "_timestamp": 1688699205.6926835, "_runtime": 193.16923642158508, "_step": 187, "_wandb": {"runtime": 193}}