{"train_loss": 1.468800663948059, "epoch": 9, "trainer/global_step": 18749, "_timestamp": 1688666779.653321, "_runtime": 280.1771869659424, "_step": 375, "_wandb": {"runtime": 279}}