{"train_loss": 48.72465515136719, "epoch": 9, "trainer/global_step": 4649, "_timestamp": 1688718345.9262455, "_runtime": 132.35483145713806, "_step": 93, "_wandb": {"runtime": 132}}