{"train_loss": 1.0081156492233276, "epoch": 9, "trainer/global_step": 4649, "_timestamp": 1688710281.039008, "_runtime": 131.94249081611633, "_step": 93, "_wandb": {"runtime": 132}}