{"progress": 0.9999833333333333, "_timestamp": 1687932342.65522, "_runtime": 1593.904356956482, "_step": 119999, "time": 0.021169662475585938, "_wandb": {"runtime": 1606}}