{"train_loss": 2.0048530101776123, "epoch": 9, "trainer/global_step": 4649, "_timestamp": 1688716522.2304697, "_runtime": 121.57902073860168, "_step": 93, "_wandb": {"runtime": 122}}