{"train_loss": 696344.875, "epoch": 9, "trainer/global_step": 18749, "_timestamp": 1688673079.2288206, "_runtime": 323.2863006591797, "_step": 375, "_wandb": {"runtime": 322}}