{"train_loss": 1.0841960906982422, "epoch": 9, "trainer/global_step": 9349, "_timestamp": 1688701873.2105322, "_runtime": 193.63622426986694, "_step": 187, "_wandb": {"runtime": 193}}