{"train_loss": 1.2397799491882324, "epoch": 9, "trainer/global_step": 9349, "_timestamp": 1688707417.4395342, "_runtime": 180.26893019676208, "_step": 187, "_wandb": {"runtime": 180}}