{"train_loss": 1.2719805240631104, "epoch": 9, "trainer/global_step": 18749, "_timestamp": 1688658215.638007, "_runtime": 285.29960083961487, "_step": 375, "_wandb": {"runtime": 284}}