{"train_loss": 26.173242568969727, "epoch": 9, "trainer/global_step": 9349, "_timestamp": 1688704593.2313764, "_runtime": 175.45467829704285, "_step": 187, "_wandb": {"runtime": 175}}