{"train_loss": 1.5005452632904053, "epoch": 9, "trainer/global_step": 9349, "_timestamp": 1688688031.08201, "_runtime": 185.11418795585632, "_step": 187, "_wandb": {"runtime": 184}}